Комплект;Артикул;Назва;Ціна
Комплект: Hyundai Santa fe 2022 Бампер передній ;15387;Hyundai Santa fe 2022 Бампер передній;65,00
Комплект: Hyundai Santa fe 2022 Бампер передній ;15390;Hyundai Santa fe 2022 Губа бампера;52,00
Комплект: Hyundai Santa fe 2022 Бампер передній ;15395;Hyundai Santa fe 2022 Заглушка бампера ліва;4,59
Комплект: Hyundai Santa fe 2022 Бампер передній ;15396;Hyundai Santa fe 2022 Заглушка бампера права;4,59
Комплект: Hyundai Santa fe 2022 Бампер передній ;15388;Hyundai Santa fe 2022 Заглушка крюка;2,50
Комплект: Hyundai Santa fe 2022 Бампер передній ;15389;Hyundai Santa fe 2022 Решітка бампера;31,00
Комплект: Hyundai Santa fe 2022 Бампер передній ;15386;Hyundai Santa fe 2022 Решітка радіатора чорний хром;114,00
Комплект: Hyundai Santa fe 2022 Бампер передній ;15448;Hyundai Santa fe 2022 Хром верхній лівий;31,00
Комплект: Hyundai Santa fe 2022 Бампер передній ;15449;Hyundai Santa fe 2022 Хром верхній правий;31,00
Комплект: Hyundai Santa fe 2022 Бампер передній ;15391;Hyundai Santa fe 2022 Хром верхній центральний;32,00
Комплект: Hyundai Santa fe 2022 Бампер передній ;15393;Hyundai Santa fe 2022 Хром нижній лівий;20,00
Комплект: Hyundai Santa fe 2022 Бампер передній ;15394;Hyundai Santa fe 2022 Хром нижній правий;20,00
Комплект: Hyundai Santa fe 2022 Бампер передній ;15392;Hyundai Santa fe 2022 Хром нижній центральний;45,00
